Celebrity,Celebrity_HomeState,Celebrity_HomeCountry,Celebrity_Region,Celebrity_Population,Population_Scope,Population_Source,Ballroom_Partner,Partner_Twitter,Partner_Followers,Followers_Source
AJ McLean,Florida,United States,Florida,22610726,US_State,Census 2023 PEP - Florida,Cheryl Burke,CherylBurke,450000,Twitter
Aaron Carter,Florida,United States,Florida,22610726,US_State,Census 2023 PEP - Florida,Karina Smirnoff,KasrinaSmirnoff,210000,Twitter
Adam Carolla,California,United States,California,38965193,US_State,Census 2023 PEP - California,Julianne Hough,juaborshough,2500000,Twitter
Adam Rippon,Pennsylvania,United States,Pennsylvania,12961683,US_State,Census 2023 PEP - Pennsylvania,Jenna Johnson,jennajohnson,680000,Twitter
Adrian Peterson,Texas,United States,Texas,30503301,US_State,Census 2023 PEP - Texas,Britt Stewart,BrittStewart,45000,Twitter
Aiden Turner,,England,"Leytonstone, London",8799800,England_Region,"Greater London population, ONS 2023",Edyta Sliwinska,EdytaSliwinska,45000,Twitter
Albert Reed,Florida,United States,Florida,22610726,US_State,Census 2023 PEP - Florida,Anna Trebunskaya,AnnaTrebunskaya,50000,Twitter
Alek Skarlatos,California,United States,California,38965193,US_State,Census 2023 PEP - California,Lindsay Arnold,lindsayarnold,380000,Twitter
Alexa PenaVega,Florida,United States,Florida,22610726,US_State,Census 2023 PEP - Florida,Mark Ballas,MarkBallas,650000,Twitter
Alexandra Raisman,Massachusetts,United States,Massachusetts,7001399,US_State,Census 2023 PEP - Massachusetts,Mark Ballas,MarkBallas,650000,Twitter
Alexis Ren,California,United States,California,38965193,US_State,Census 2023 PEP - California,Alan Bersten,Dance10Alan,220000,Twitter
Alfonso Ribeiro,New York,United States,New York,19571216,US_State,Census 2023 PEP - New York,Witney Carson,WitneyCarson,520000,Twitter
Alix Earle,Florida,United States,Florida,22610726,US_State,Census 2023 PEP - Florida,Val Chmerkovskiy,ValChmerkoskiy,850000,Twitter
Ally Brooke,Texas,United States,Texas,30503301,US_State,Census 2023 PEP - Texas,Sasha Farber,SashaFarber,180000,Twitter
Alyson Hannigan,Washington D.C.,United States,Washington D.C.,678972,US_State,Census 2023 PEP - Washington D.C.,Sasha Farber,SashaFarber,180000,Twitter
Amanda Kloots,Ohio,United States,Ohio,11785935,US_State,Census 2023 PEP - Ohio,Alan Bersten,Dance10Alan,220000,Twitter
Amber Riley,California,United States,California,38965193,US_State,Census 2023 PEP - California,Derek Hough,daborhough,1800000,Twitter
Amber Rose,Pennsylvania,United States,Pennsylvania,12961683,US_State,Census 2023 PEP - Pennsylvania,Maksim Chmerkoskiy,MaksimC,520000,Twitter
Amy Purdy,Nevada,United States,Nevada,3194176,US_State,Census 2023 PEP - Nevada,Derek Hough,daborhough,1800000,Twitter
Andy Dick,South Carolina,United States,South Carolina,5373555,US_State,Census 2023 PEP - South Carolina,Sharna Burgess,SharnaBurgess,480000,Twitter
Andy Grammer,California,United States,California,38965193,US_State,Census 2023 PEP - California,Allison Holker,Alison_Holker,450000,Twitter
Andy Richter,California,United States,California,38965193,US_State,Census 2023 PEP - California,Emma Slater,EmmaSlaterDance,350000,Twitter
Anna Delvey,,Russia,Eschweiler,56385,Germany_Region,"Eschweiler city population, Destatis 2022",Ezra Sosa,,25000,Instagram estimate
Anne Heche,Ohio,United States,Ohio,11785935,US_State,Census 2023 PEP - Ohio,Keo Motsepe,keo_motsepe,95000,Twitter
Antonio Brown,Florida,United States,Florida,22610726,US_State,Census 2023 PEP - Florida,Sharna Burgess,SharnaBurgess,480000,Twitter
Antonio Sabato Jr.,,Italy,Rome,2860009,Italy_Region,"Rome city population, ISTAT 2023",Cheryl Burke,CherylBurke,450000,Twitter
Apolo Anton Ohno,Washington,United States,Washington,7812880,US_State,Census 2023 PEP - Washington,Julianne Hough,juaborshough,2500000,Twitter
Ariana Madix,Florida,United States,Florida,22610726,US_State,Census 2023 PEP - Florida,Pasha Pashkov,PashaPashkov,120000,Twitter
Arike Ogunbowale,Wisconsin,United States,Wisconsin,5910955,US_State,Census 2023 PEP - Wisconsin,Gleb Savchenko,GlebSavchenkoTV,320000,Twitter
Ashley Hamiliton,California,United States,California,38965193,US_State,Census 2023 PEP - California,Edyta Sliwinska,EdytaSliwinska,45000,Twitter
Audrina Patridge,California,United States,California,38965193,US_State,Census 2023 PEP - California,Tony Dovolani,TonyDovolani,180000,Twitter
Babyface,Indiana,United States,Indiana,6862199,US_State,Census 2023 PEP - Indiana,Allison Holker,Alison_Holker,450000,Twitter
Barbara Corcoran,New Jersey,United States,New Jersey,9290841,US_State,Census 2023 PEP - New Jersey,Keo Motsepe,keo_motsepe,95000,Twitter
Baron Davis,California,United States,California,38965193,US_State,Census 2023 PEP - California,Britt Stewart,BrittStewart,45000,Twitter
Barry Williams,California,United States,California,38965193,US_State,Census 2023 PEP - California,Peta Murgatroyd,PetaMurgatroyd,620000,Twitter
Belinda Carlisle,California,United States,California,38965193,US_State,Census 2023 PEP - California,Jonathan Roberts,,8000,Instagram estimate
Bethany Mota,California,United States,California,38965193,US_State,Census 2023 PEP - California,Derek Hough,daborhough,1800000,Twitter
Betsey Johnson,Connecticut,United States,Connecticut,3617176,US_State,Census 2023 PEP - Connecticut,Tony Dovolani,TonyDovolani,180000,Twitter
Bill Engvall,Texas,United States,Texas,30503301,US_State,Census 2023 PEP - Texas,Emma Slater,EmmaSlaterDance,350000,Twitter
Bill Nye,Washington D.C.,United States,Washington D.C.,678972,US_State,Census 2023 PEP - Washington D.C.,Tyne Stecklein,,8000,Instagram estimate
Billy Dee Williams,New York,United States,New York,19571216,US_State,Census 2023 PEP - New York,Emma Slater,EmmaSlaterDance,350000,Twitter
Billy Ray Cyrus,Kentucky,United States,Kentucky,4526154,US_State,Census 2023 PEP - Kentucky,Karina Smirnoff,KasrinaSmirnoff,210000,Twitter
Bindi Irwin,,Australia,"Buderim, Queensland",606774,Australia_Region,"Sunshine Coast region population, ABS 2023",Derek Hough,daborhough,1800000,Twitter
Bobby Bones,Arkansas,United States,Arkansas,3067732,US_State,Census 2023 PEP - Arkansas,Sharna Burgess,SharnaBurgess,480000,Twitter
Bonner Bolton,Texas,United States,Texas,30503301,US_State,Census 2023 PEP - Texas,Sharna Burgess,SharnaBurgess,480000,Twitter
Brandy,Mississippi,United States,Mississippi,2939690,US_State,Census 2023 PEP - Mississippi,Maksim Chmerkoskiy,MaksimC,520000,Twitter
Brant Daugherty,Ohio,United States,Ohio,11785935,US_State,Census 2023 PEP - Ohio,Peta Murgatroyd,PetaMurgatroyd,620000,Twitter
Brian Austin Green,California,United States,California,38965193,US_State,Census 2023 PEP - California,Sharna Burgess,SharnaBurgess,480000,Twitter
Bristol Palin,Alaska,United States,Alaska,733406,US_State,Census 2023 PEP - Alaska,Mark Ballas,MarkBallas,650000,Twitter
Brooke Burke,Connecticut,United States,Connecticut,3617176,US_State,Census 2023 PEP - Connecticut,Derek Hough,daborhough,1800000,Twitter
Brooks Nader,New York,United States,New York,19571216,US_State,Census 2023 PEP - New York,Gleb Savchenko,GlebSavchenkoTV,320000,Twitter
Buzz Aldrin,New Jersey,United States,New Jersey,9290841,US_State,Census 2023 PEP - New Jersey,Ashly DelGrosso,,5000,Instagram estimate
Calvin Johnson Jr.,Georgia,United States,Georgia,11029227,US_State,Census 2023 PEP - Georgia,Lindsay Arnold,lindsayarnold,380000,Twitter
Cameron Mathison,,Canada,"Sarnia, Ontario",73000,Canada_Region,"Sarnia city population, Statistics Canada 2023",Edyta Sliwinska,EdytaSliwinska,45000,Twitter
Candace Cameron Bure,California,United States,California,38965193,US_State,Census 2023 PEP - California,Mark Ballas,MarkBallas,650000,Twitter
Carlos PenaVega,Missouri,United States,Missouri,6196156,US_State,Census 2023 PEP - Missouri,Witney Carson,WitneyCarson,520000,Twitter
Carole Baskin,Texas,United States,Texas,30503301,US_State,Census 2023 PEP - Texas,Pasha Pashkov,PashaPashkov,120000,Twitter
Carson Kressley,Pennsylvania,United States,Pennsylvania,12961683,US_State,Census 2023 PEP - Pennsylvania,Anna Trebunskaya,AnnaTrebunskaya,50000,Twitter
Chad Ochocinco,Florida,United States,Florida,22610726,US_State,Census 2023 PEP - Florida,Cheryl Burke,CherylBurke,450000,Twitter
Chaka Khan,Illinois,United States,Illinois,12549689,US_State,Census 2023 PEP - Illinois,Keo Motsepe,keo_motsepe,95000,Twitter
Chandler Kinney,California,United States,California,38965193,US_State,Census 2023 PEP - California,Brandon Armstrong,Brandon_DWTS,85000,Twitter
Charity Lawson,Georgia,United States,Georgia,11029227,US_State,Census 2023 PEP - Georgia,Artem Chigvintsev,artemchig,280000,Twitter
Charles Oakley,Ohio,United States,Ohio,11785935,US_State,Census 2023 PEP - Ohio,Emma Slater,EmmaSlaterDance,350000,Twitter
Charli D'Amelio,Connecticut,United States,Connecticut,3617176,US_State,Census 2023 PEP - Connecticut,Mark Ballas,MarkBallas,650000,Twitter
Charlie White,Michigan,United States,Michigan,10037261,US_State,Census 2023 PEP - Michigan,Sharna Burgess,SharnaBurgess,480000,Twitter
Charlotte McKinney,Florida,United States,Florida,22610726,US_State,Census 2023 PEP - Florida,Keo Motsepe,keo_motsepe,95000,Twitter
Charo,,Spain,Murcia,462979,Spain_Region,"Murcia municipality population, INE Spain 2023",Keo Motsepe,keo_motsepe,95000,Twitter
Chaz Bono,California,United States,California,38965193,US_State,Census 2023 PEP - California,Lacey Schwimmer,LaceySchwimmer,85000,Twitter
Chelsea Kane,Arizona,United States,Arizona,7431344,US_State,Census 2023 PEP - Arizona,Mark Ballas,MarkBallas,650000,Twitter
Cheryl Ladd,South Dakota,United States,South Dakota,919318,US_State,Census 2023 PEP - South Dakota,Louis van Amstel,LouisVanAmstel,35000,Twitter
Chris Jericho,New York,United States,New York,19571216,US_State,Census 2023 PEP - New York,Cheryl Burke,CherylBurke,450000,Twitter
Chris Kattan,California,United States,California,38965193,US_State,Census 2023 PEP - California,Witney Carson,WitneyCarson,520000,Twitter
Chris Mazdzer,Massachusetts,United States,Massachusetts,7001399,US_State,Census 2023 PEP - Massachusetts,Witney Carson,WitneyCarson,520000,Twitter
Chris Soules,Iowa,United States,Iowa,3207004,US_State,Census 2023 PEP - Iowa,Witney Carson,WitneyCarson,520000,Twitter
Chrishell Stause,Kentucky,United States,Kentucky,4526154,US_State,Census 2023 PEP - Kentucky,Gleb Savchenko,GlebSavchenkoTV,320000,Twitter
Christina Milian,New Jersey,United States,New Jersey,9290841,US_State,Census 2023 PEP - New Jersey,Mark Ballas,MarkBallas,650000,Twitter
Christine Chiu,,Taiwan China,Taipei,2492384,Taiwan_Region,"Taipei city population, DGBAS 2023",Pasha Pashkov,PashaPashkov,120000,Twitter
Chuck Liddell,California,United States,California,38965193,US_State,Census 2023 PEP - California,Anna Trebunskaya,AnnaTrebunskaya,50000,Twitter
Chuck Wicks,Delaware,United States,Delaware,1031890,US_State,Census 2023 PEP - Delaware,Julianne Hough,juaborshough,2500000,Twitter
Chynna Phillips,California,United States,California,38965193,US_State,Census 2023 PEP - California,Tony Dovolani,TonyDovolani,180000,Twitter
Cloris Leachman,Iowa,United States,Iowa,3207004,US_State,Census 2023 PEP - Iowa,Corky Ballas,,10000,Instagram estimate
Clyde Drexler,Louisiana,United States,Louisiana,4573749,US_State,Census 2023 PEP - Louisiana,Elena Grinenko,,8000,Instagram estimate
Cody Linley,Texas,United States,Texas,30503301,US_State,Census 2023 PEP - Texas,Julianne Hough,juaborshough,2500000,Twitter
Cody Rigsby,California,United States,California,38965193,US_State,Census 2023 PEP - California,Cheryl Burke,CherylBurke,450000,Twitter
Cody Simpson,,Australia,"Gold Coast, Queensland",606774,Australia_Region,"Gold Coast city population, ABS 2023",Witney Carson,WitneyCarson,520000,Twitter
Corbin Bleu,New York,United States,New York,19571216,US_State,Census 2023 PEP - New York,Karina Smirnoff,KasrinaSmirnoff,210000,Twitter
Corey Feldman,California,United States,California,38965193,US_State,Census 2023 PEP - California,Jenna Johnson,jennajohnson,680000,Twitter
Cristian de la Fuente,,Chile,Santiago,5614000,Chile_Region,"Santiago metropolitan population, INE Chile 2023",Cheryl Burke,CherylBurke,450000,Twitter
D. L. Hughley,Virginia,United States,Virginia,8683619,US_State,Census 2023 PEP - Virginia,Cheryl Burke,CherylBurke,450000,Twitter
Danelle Umstead,New Mexico,United States,New Mexico,2114371,US_State,Census 2023 PEP - New Mexico,Artem Chigvintsev,artemchig,280000,Twitter
Danica McKellar,California,United States,California,38965193,US_State,Census 2023 PEP - California,Valentin Chmerkovskiy,ValChmerkoskiy,850000,Twitter
Daniel Durant,Michigan,United States,Michigan,10037261,US_State,Census 2023 PEP - Michigan,Britt Stewart,BrittStewart,45000,Twitter
Danielle Fishel,California,United States,California,38965193,US_State,Census 2023 PEP - California,Pasha Pashkov,PashaPashkov,120000,Twitter
Danny Amendola,Texas,United States,Texas,30503301,US_State,Census 2023 PEP - Texas,Witney Carson,WitneyCarson,520000,Twitter
David Alan Grier,Michigan,United States,Michigan,10037261,US_State,Census 2023 PEP - Michigan,Kym Johnson,KymHerjavec,280000,Twitter
David Arquette,Virginia,United States,Virginia,8683619,US_State,Census 2023 PEP - Virginia,Kym Johnson,KymHerjavec,280000,Twitter
David Hasselhoff,Maryland,United States,Maryland,6180253,US_State,Census 2023 PEP - Maryland,Kym Johnson,KymHerjavec,280000,Twitter
David Ross,Georgia,United States,Georgia,11029227,US_State,Census 2023 PEP - Georgia,Lindsay Arnold,lindsayarnold,380000,Twitter
DeMarcus Ware,Alabama,United States,Alabama,5108468,US_State,Census 2023 PEP - Alabama,Lindsay Arnold,lindsayarnold,380000,Twitter
Debbie Gibson,New York,United States,New York,19571216,US_State,Census 2023 PEP - New York,Alan Bersten,Dance10Alan,220000,Twitter
Debi Mazar,New York,United States,New York,19571216,US_State,Census 2023 PEP - New York,Maksim Chmerkoskiy,MaksimC,520000,Twitter
Denise Richards,Illinois,United States,Illinois,12549689,US_State,Census 2023 PEP - Illinois,Maksim Chmerkoskiy,MaksimC,520000,Twitter
Derek Fisher,Arkansas,United States,Arkansas,3067732,US_State,Census 2023 PEP - Arkansas,Sharna Burgess,SharnaBurgess,480000,Twitter
Diana Nyad,New York,United States,New York,19571216,US_State,Census 2023 PEP - New York,Henry Byalikov,,5000,estimate
Donald Driver,Texas,United States,Texas,30503301,US_State,Census 2023 PEP - Texas,Peta Murgatroyd,PetaMurgatroyd,620000,Twitter
Donny Osmond,Utah,United States,Utah,3417734,US_State,Census 2023 PEP - Utah,Kym Johnson,KymHerjavec,280000,Twitter
Dorothy Hamill,Illinois,United States,Illinois,12549689,US_State,Census 2023 PEP - Illinois,Tristan MacManus,TristanMacManus,75000,Twitter
Doug Flutie,Maryland,United States,Maryland,6180253,US_State,Census 2023 PEP - Maryland,Karina Smirnoff,KasrinaSmirnoff,210000,Twitter
Drew Carey,Ohio,United States,Ohio,11785935,US_State,Census 2023 PEP - Ohio,Cheryl Burke,CherylBurke,450000,Twitter
Drew Lachey,Ohio,United States,Ohio,11785935,US_State,Census 2023 PEP - Ohio,Anna Trebunskaya,AnnaTrebunskaya,50000,Twitter
Drew Scott,,Canada,"Vancouver, British Columbia",675218,Canada_Region,"Vancouver city population, Statistics Canada 2023",Emma Slater,EmmaSlaterDance,350000,Twitter
Dwight Howard ,Georgia,United States,Georgia,11029227,US_State,Census 2023 PEP - Georgia,Daniella Karagach,DaniellaKaragach,280000,Twitter
Dylan Efron,California,United States,California,38965193,US_State,Census 2023 PEP - California,Daniella Karagach,DaniellaKaragach,280000,Twitter
Elaine Hendrix,Georgia,United States,Georgia,11029227,US_State,Census 2023 PEP - Georgia,Alan Bersten,Dance10Alan,220000,Twitter
Elisabetta Canalis,,Italy,"Sassari, Sardinia",126769,Italy_Region,"Sassari city population, ISTAT 2023",Valentin Chmerkovskiy,ValChmerkoskiy,850000,Twitter
Elizabeth Berkley Lauren,Michigan,United States,Michigan,10037261,US_State,Census 2023 PEP - Michigan,Valentin Chmerkovskiy,ValChmerkoskiy,850000,Twitter
Emmitt Smith,Florida,United States,Florida,22610726,US_State,Census 2023 PEP - Florida,Cheryl Burke,CherylBurke,450000,Twitter
Eric Roberts,California,United States,California,38965193,US_State,Census 2023 PEP - California,Britt Stewart,BrittStewart,45000,Twitter
Erika Jayne,Georgia,United States,Georgia,11029227,US_State,Census 2023 PEP - Georgia,Gleb Savchenko,GlebSavchenkoTV,320000,Twitter
Erin Andrews,Maine,United States,Maine,1395722,US_State,Census 2023 PEP - Maine,Maksim Chmerkoskiy,MaksimC,520000,Twitter
Evan Lysacek,Illinois,United States,Illinois,12549689,US_State,Census 2023 PEP - Illinois,Anna Trebunskaya,AnnaTrebunskaya,50000,Twitter
Evander Holyfield,Alabama,United States,Alabama,5108468,US_State,Census 2023 PEP - Alabama,Edyta Sliwinska,EdytaSliwinska,45000,Twitter
Evanna Lynch,,Ireland,"Termonfeckin, County Louth",139703,Ireland_Region,"County Louth population, CSO Ireland 2022",Keo Motsepe,keo_motsepe,95000,Twitter
Florence Henderson,Indiana,United States,Indiana,6862199,US_State,Census 2023 PEP - Indiana,Corky Ballas,,10000,Instagram estimate
Floyd Mayweather Jr. ,Michigan,United States,Michigan,10037261,US_State,Census 2023 PEP - Michigan,Karina Smirnoff,KasrinaSmirnoff,210000,Twitter
Frankie Muniz,New Jersey,United States,New Jersey,9290841,US_State,Census 2023 PEP - New Jersey,Witney Carson,WitneyCarson,520000,Twitter
Gabby Windey,Illinois,United States,Illinois,12549689,US_State,Census 2023 PEP - Illinois,Valentin Chmerkovskiy,ValChmerkoskiy,850000,Twitter
Gary Busey,Texas,United States,Texas,30503301,US_State,Census 2023 PEP - Texas,Anna Trebunskaya,AnnaTrebunskaya,50000,Twitter
Gavin DeGraw,New York,United States,New York,19571216,US_State,Census 2023 PEP - New York,Karina Smirnoff,KasrinaSmirnoff,210000,Twitter
George Hamilton,Tennessee,United States,Tennessee,7126489,US_State,Census 2023 PEP - Tennessee,Edyta Sliwinska,EdytaSliwinska,45000,Twitter
Geraldo Rivera,New York,United States,New York,19571216,US_State,Census 2023 PEP - New York,Edyta Sliwinska,EdytaSliwinska,45000,Twitter
Gilles Marini,,France,Grasse,51580,France_Region,"Grasse commune population, INSEE 2021",Cheryl Burke,CherylBurke,450000,Twitter
Ginger Zee,California,United States,California,38965193,US_State,Census 2023 PEP - California,Valentin Chmerkovskiy,ValChmerkoskiy,850000,Twitter
Giselle Fernandez,,Mexico,Mexico City,9209944,Mexico_Region,"Mexico City population, INEGI 2020",Jonathan Roberts,,8000,Instagram estimate
Gladys Knight,Georgia,United States,Georgia,11029227,US_State,Census 2023 PEP - Georgia,Tristan MacManus,TristanMacManus,75000,Twitter
Hannah Brown,Alabama,United States,Alabama,5108468,US_State,Census 2023 PEP - Alabama,Alan Bersten,Dance10Alan,220000,Twitter
Harry Hamlin,California,United States,California,38965193,US_State,Census 2023 PEP - California,Ashly DelGrosso,,5000,Instagram estimate
Harry Jowsey,,Australia,"Brisbane, Queensland",2514184,Australia_Region,"Brisbane city population, ABS 2023",Rylee Arnold,ryleearnold,120000,Twitter
Hayes Grier,North Carolina,United States,North Carolina,10835491,US_State,Census 2023 PEP - North Carolina,Emma Slater,EmmaSlaterDance,350000,Twitter
Heather Mills,,England,"Aldershot, Hampshire",1400000,England_Region,"Hampshire county population, ONS 2023",Jonathan Roberts,,8000,Instagram estimate
Heather Morris,California,United States,California,38965193,US_State,Census 2023 PEP - California,Maksim Chmerkoskiy,MaksimC,520000,Twitter
Heidi D'Amelio,Louisiana,United States,Louisiana,4573749,US_State,Census 2023 PEP - Louisiana,Artem Chigvintsev,artemchig,280000,Twitter
Helio Castroneves,,Brazil,São Paulo,12325232,Brazil_Region,"São Paulo city population, IBGE 2023",Chelsie Hightower,ChelsiHightower,95000,Twitter
Hilaria Baldwin,New York,United States,New York,19571216,US_State,Census 2023 PEP - New York,Gleb Savchenko,GlebSavchenkoTV,320000,Twitter
Hines Ward,,South Korea,Seoul,9428372,South Korea_Region,"Seoul metropolitan population, KOSIS 2023",Kym Johnson,KymHerjavec,280000,Twitter
Holly Madison,Oregon,United States,Oregon,4233358,US_State,Census 2023 PEP - Oregon,Dmitry Chaplin,DmitryChaplin,25000,Twitter
Hope Solo,Washington,United States,Washington,7812880,US_State,Census 2023 PEP - Washington,Maksim Chmerkoskiy,MaksimC,520000,Twitter
Ian Ziering,New Jersey,United States,New Jersey,9290841,US_State,Census 2023 PEP - New Jersey,Cheryl Burke,CherylBurke,450000,Twitter
Ilona Maher,California,United States,California,38965193,US_State,Census 2023 PEP - California,Alan Bersten,Dance10Alan,220000,Twitter
Iman Shumpert,Illinois,United States,Illinois,12549689,US_State,Census 2023 PEP - Illinois,Daniella Karagach,DaniellaKaragach,280000,Twitter
Ingo Rademacher,,Germany,Iserlohn,91815,Germany_Region,"Iserlohn city population, Destatis 2022",Kym Johnson,KymHerjavec,280000,Twitter
J.R. Martinez,Louisiana,United States,Louisiana,4573749,US_State,Census 2023 PEP - Louisiana,Karina Smirnoff,KasrinaSmirnoff,210000,Twitter
Jack Osbourne,,England,"St John's Wood, London",8799800,England_Region,"Greater London population, ONS 2023",Cheryl Burke,CherylBurke,450000,Twitter
Jack Wagner,Missouri,United States,Missouri,6196156,US_State,Census 2023 PEP - Missouri,Anna Trebunskaya,AnnaTrebunskaya,50000,Twitter
Jacoby Jones,Louisiana,United States,Louisiana,4573749,US_State,Census 2023 PEP - Louisiana,Karina Smirnoff,KasrinaSmirnoff,210000,Twitter
Jake Pavelka,Texas,United States,Texas,30503301,US_State,Census 2023 PEP - Texas,Chelsie Hightower,ChelsiHightower,95000,Twitter
Jake T. Austin,New York,United States,New York,19571216,US_State,Census 2023 PEP - New York,Jenna Johnson,jennajohnson,680000,Twitter
Jaleel White,California,United States,California,38965193,US_State,Census 2023 PEP - California,Kym Johnson,KymHerjavec,280000,Twitter
James Hinchcliffe,,Canada,"Oakville, Ontario",213759,Canada_Region,"Oakville town population, Statistics Canada 2023",Sharna Burgess,SharnaBurgess,480000,Twitter
James Maslow,New York,United States,New York,19571216,US_State,Census 2023 PEP - New York,Peta Murgatroyd,PetaMurgatroyd,620000,Twitter
James Van Der Beek,Connecticut,United States,Connecticut,3617176,US_State,Census 2023 PEP - Connecticut,Emma Slater,EmmaSlaterDance,350000,Twitter
Jamie Anderson,California,United States,California,38965193,US_State,Census 2023 PEP - California,Artem Chigvintsev,artemchig,280000,Twitter
Jamie Lynn Spears,Mississippi,United States,Mississippi,2939690,US_State,Census 2023 PEP - Mississippi,Alan Bersten,Dance10Alan,220000,Twitter
Jana Kramer,Michigan,United States,Michigan,10037261,US_State,Census 2023 PEP - Michigan,Gleb Savchenko,GlebSavchenkoTV,320000,Twitter
Jane Seymour,,England,"Uxbridge, London",8799800,England_Region,"Greater London population, ONS 2023",Tony Dovolani,TonyDovolani,180000,Twitter
Janel Parrish,Hawaii,United States,Hawaii,1435138,US_State,Census 2023 PEP - Hawaii,Valentin Chmerkovskiy,ValChmerkoskiy,850000,Twitter
Jason Lewis,California,United States,California,38965193,US_State,Census 2023 PEP - California,Peta Murgatroyd,PetaMurgatroyd,620000,Twitter
Jason Mraz,Virginia,United States,Virginia,8683619,US_State,Census 2023 PEP - Virginia,Daniella Karagach,DaniellaKaragach,280000,Twitter
Jason Taylor,Pennsylvania,United States,Pennsylvania,12961683,US_State,Census 2023 PEP - Pennsylvania,Edyta Sliwinska,EdytaSliwinska,45000,Twitter
Jeannie Mai,California,United States,California,38965193,US_State,Census 2023 PEP - California,Brandon Armstrong,Brandon_DWTS,85000,Twitter
Jeffrey Ross,New Jersey,United States,New Jersey,9290841,US_State,Census 2023 PEP - New Jersey,Edyta Sliwinska,EdytaSliwinska,45000,Twitter
Jen Affleck,Utah,United States,Utah,3417734,US_State,Census 2023 PEP - Utah,Jan Ravnik,,10000,Instagram estimate
Jenn Tran,Florida,United States,Florida,22610726,US_State,Census 2023 PEP - Florida,Sasha Farber,SashaFarber,180000,Twitter
Jennie Finch Daigle,California,United States,California,38965193,US_State,Census 2023 PEP - California,Keo Motsepe,keo_motsepe,95000,Twitter
Jennie Garth,Illinois,United States,Illinois,12549689,US_State,Census 2023 PEP - Illinois,Derek Hough,daborhough,1800000,Twitter
Jennifer Grey,New York,United States,New York,19571216,US_State,Census 2023 PEP - New York,Derek Hough,daborhough,1800000,Twitter
Jerry Rice,Mississippi,United States,Mississippi,2939690,US_State,Census 2023 PEP - Mississippi,Anna Trebunskaya,AnnaTrebunskaya,50000,Twitter
Jerry Springer,,England,"Highgate, London",8799800,England_Region,"Greater London population, ONS 2023",Kym Johnson,KymHerjavec,280000,Twitter
Jesse Metcalfe,California,United States,California,38965193,US_State,Census 2023 PEP - California,Sharna Burgess,SharnaBurgess,480000,Twitter
Jessie James Decker,,Italy,Vicenza,111620,Italy_Region,"Vicenza city population, ISTAT 2023",Alan Bersten,Dance10Alan,220000,Twitter
Jimmie Allen,Delaware,United States,Delaware,1031890,US_State,Census 2023 PEP - Delaware,Emma Slater,EmmaSlaterDance,350000,Twitter
JoJo Siwa,Nebraska,United States,Nebraska,1978379,US_State,Census 2023 PEP - Nebraska,Jenna Johnson,jennajohnson,680000,Twitter
Joanna Krupa,,Poland,Warsaw,1860281,Poland_Region,"Warsaw city population, GUS Poland 2023",Derek Hough,daborhough,1800000,Twitter
Jodie Sweetin,California,United States,California,38965193,US_State,Census 2023 PEP - California,Keo Motsepe,keo_motsepe,95000,Twitter
Joe Amabile,Illinois,United States,Illinois,12549689,US_State,Census 2023 PEP - Illinois,Jenna Johnson,jennajohnson,680000,Twitter
Joey Fatone,New York,United States,New York,19571216,US_State,Census 2023 PEP - New York,Kym Johnson,KymHerjavec,280000,Twitter
Joey Graziadei,Louisiana,United States,Louisiana,4573749,US_State,Census 2023 PEP - Louisiana,Jenna Johnson,jennajohnson,680000,Twitter
Joey Lawrence,Pennsylvania,United States,Pennsylvania,12961683,US_State,Census 2023 PEP - Pennsylvania,Edyta Sliwinska,EdytaSliwinska,45000,Twitter
Joey McIntyre,Massachusetts,United States,Massachusetts,7001399,US_State,Census 2023 PEP - Massachusetts,Ashly DelGrosso,,5000,Instagram estimate
John O'Hurley,Maine,United States,Maine,1395722,US_State,Census 2023 PEP - Maine,Charlotte Jorgensen,,1000,estimate
John Ratzenberger,Connecticut,United States,Connecticut,3617176,US_State,Census 2023 PEP - Connecticut,Edyta Sliwinska,EdytaSliwinska,45000,Twitter
John Schneider,New York,United States,New York,19571216,US_State,Census 2023 PEP - New York,Emma Slater,EmmaSlaterDance,350000,Twitter
Johnny Damon,Kansas,United States,Kansas,2940546,US_State,Census 2023 PEP - Kansas,Emma Slater,EmmaSlaterDance,350000,Twitter
Johnny Weir,Pennsylvania,United States,Pennsylvania,12961683,US_State,Census 2023 PEP - Pennsylvania,Britt Stewart,BrittStewart,45000,Twitter
Jonathan Bennett,Ohio,United States,Ohio,11785935,US_State,Census 2023 PEP - Ohio,Allison Holker,Alison_Holker,450000,Twitter
Jordan Chiles,Texas,United States,Texas,30503301,US_State,Census 2023 PEP - Texas,Ezra Sosa,,25000,Instagram estimate
Jordan Fisher,Alabama,United States,Alabama,5108468,US_State,Census 2023 PEP - Alabama,Lindsay Arnold,lindsayarnold,380000,Twitter
Jordin Sparks,Arizona,United States,Arizona,7431344,US_State,Census 2023 PEP - Arizona,Brandon Armstrong,Brandon_DWTS,85000,Twitter
Joseph Baena,California,United States,California,38965193,US_State,Census 2023 PEP - California,Daniella Karagach,DaniellaKaragach,280000,Twitter
Josh Norman,South Carolina,United States,South Carolina,5373555,US_State,Census 2023 PEP - South Carolina,Sharna Burgess,SharnaBurgess,480000,Twitter
Josie Maran,California,United States,California,38965193,US_State,Census 2023 PEP - California,Alec Mazo,AlecMazo,15000,Twitter
Juan Pablo Di Pace,,Argentina,Buenos Aires,3075646,Argentina_Region,"Buenos Aires city population, INDEC 2022",Cheryl Burke,CherylBurke,450000,Twitter
Justina Machado,Illinois,United States,Illinois,12549689,US_State,Census 2023 PEP - Illinois,Sasha Farber,SashaFarber,180000,Twitter
Kaitlyn Bristowe,,Canada,"Leduc, Alberta",35000,Canada_Region,"Leduc city population, Statistics Canada 2023",Artem Chigvintsev,artemchig,280000,Twitter
Karamo Brown,Texas,United States,Texas,30503301,US_State,Census 2023 PEP - Texas,Jenna Johnson,jennajohnson,680000,Twitter
Kareem Abdul-Jabbar,New York,United States,New York,19571216,US_State,Census 2023 PEP - New York,Lindsay Arnold,lindsayarnold,380000,Twitter
Kate Flannery,Pennsylvania,United States,Pennsylvania,12961683,US_State,Census 2023 PEP - Pennsylvania,Pasha Pashkov,PashaPashkov,120000,Twitter
Kate Gosselin,Pennsylvania,United States,Pennsylvania,12961683,US_State,Census 2023 PEP - Pennsylvania,Tony Dovolani,TonyDovolani,180000,Twitter
Katherine Jenkins,,Wales,"Neath, Wales",145298,Wales_Region,"Neath Port Talbot county borough population, StatsWales 2023",Mark Ballas,MarkBallas,650000,Twitter
Kathy Ireland,California,United States,California,38965193,US_State,Census 2023 PEP - California,Tony Dovolani,TonyDovolani,180000,Twitter
Kel Mitchell,Illinois,United States,Illinois,12549689,US_State,Census 2023 PEP - Illinois,Witney Carson,WitneyCarson,520000,Twitter
Kellie Pickler,North Carolina,United States,North Carolina,10835491,US_State,Census 2023 PEP - North Carolina,Derek Hough,daborhough,1800000,Twitter
Kelly Monaco,Pennsylvania,United States,Pennsylvania,12961683,US_State,Census 2023 PEP - Pennsylvania,Alec Mazo,AlecMazo,15000,Twitter
Kelly Osbourne,,England,"Westminster, London",8799800,England_Region,"Greater London population, ONS 2023",Louis van Amstel,LouisVanAmstel,35000,Twitter
Kendra Wilkinson,California,United States,California,38965193,US_State,Census 2023 PEP - California,Louis van Amstel,LouisVanAmstel,35000,Twitter
Kenny Mayne,Washington,United States,Washington,7812880,US_State,Census 2023 PEP - Washington,Andrea Hale,,2000,estimate
Kenya Moore,Michigan,United States,Michigan,10037261,US_State,Census 2023 PEP - Michigan,Brandon Armstrong,Brandon_DWTS,85000,Twitter
Keyshawn Johnson,California,United States,California,38965193,US_State,Census 2023 PEP - California,Sharna Burgess,SharnaBurgess,480000,Twitter
Kim Fields,New York,United States,New York,19571216,US_State,Census 2023 PEP - New York,Sasha Farber,SashaFarber,180000,Twitter
Kim Kardashian,California,United States,California,38965193,US_State,Census 2023 PEP - California,Mark Ballas,MarkBallas,650000,Twitter
Kim Zolciak-Biermann,Florida,United States,Florida,22610726,US_State,Census 2023 PEP - Florida,Tony Dovolani,TonyDovolani,180000,Twitter
Kirstie Alley,Kansas,United States,Kansas,2940546,US_State,Census 2023 PEP - Kansas,Maksim Chmerkoskiy,MaksimC,520000,Twitter
Kristi Yamaguchi,California,United States,California,38965193,US_State,Census 2023 PEP - California,Mark Ballas,MarkBallas,650000,Twitter
Kristin Cavallari,Colorado,United States,Colorado,5877610,US_State,Census 2023 PEP - Colorado,Mark Ballas,MarkBallas,650000,Twitter
Kurt Warner,Iowa,United States,Iowa,3207004,US_State,Census 2023 PEP - Iowa,Anna Trebunskaya,AnnaTrebunskaya,50000,Twitter
Kyle Massey,Georgia,United States,Georgia,11029227,US_State,Census 2023 PEP - Georgia,Lacey Schwimmer,LaceySchwimmer,85000,Twitter
Laila Ali,Florida,United States,Florida,22610726,US_State,Census 2023 PEP - Florida,Maksim Chmerkoskiy,MaksimC,520000,Twitter
Lamar Odom,New York,United States,New York,19571216,US_State,Census 2023 PEP - New York,Peta Murgatroyd,PetaMurgatroyd,620000,Twitter
Lance Bass,Mississippi,United States,Mississippi,2939690,US_State,Census 2023 PEP - Mississippi,Lacey Schwimmer,LaceySchwimmer,85000,Twitter
Lauren Alaina,Georgia,United States,Georgia,11029227,US_State,Census 2023 PEP - Georgia,Gleb Savchenko,GlebSavchenkoTV,320000,Twitter
Lauren Jauregui,Florida,United States,Florida,22610726,US_State,Census 2023 PEP - Florida,Brandon Armstrong,Brandon_DWTS,85000,Twitter
Laurie Hernandez,New Jersey,United States,New Jersey,9290841,US_State,Census 2023 PEP - New Jersey,Valentin Chmerkovskiy,ValChmerkoskiy,850000,Twitter
Lawrence Taylor,Virginia,United States,Virginia,8683619,US_State,Census 2023 PEP - Virginia,Edyta Sliwinska,EdytaSliwinska,45000,Twitter
Lea Thompson,Minnesota,United States,Minnesota,5737915,US_State,Census 2023 PEP - Minnesota,Artem Chigvintsev,artemchig,280000,Twitter
Leah Remini,New York,United States,New York,19571216,US_State,Census 2023 PEP - New York,Tony Dovolani,TonyDovolani,180000,Twitter
Leeza Gibbons,South Carolina,United States,South Carolina,5373555,US_State,Census 2023 PEP - South Carolina,Tony Dovolani,TonyDovolani,180000,Twitter
Lele Pons,,Venezuela,Caracas,2082000,Venezuela_Region,"Caracas city population, INE Venezuela 2023",Brandon Armstrong,Brandon_DWTS,85000,Twitter
Lil' Kim,New York,United States,New York,19571216,US_State,Census 2023 PEP - New York,Derek Hough,daborhough,1800000,Twitter
Lindsey Stirling,California,United States,California,38965193,US_State,Census 2023 PEP - California,Mark Ballas,MarkBallas,650000,Twitter
Lisa Rinna,California,United States,California,38965193,US_State,Census 2023 PEP - California,Louis van Amstel,LouisVanAmstel,35000,Twitter
Lisa Vanderpump,,England,"Dulwich, London",8799800,England_Region,"Greater London population, ONS 2023",Gleb Savchenko,GlebSavchenkoTV,320000,Twitter
Lolo Jones,Iowa,United States,Iowa,3207004,US_State,Census 2023 PEP - Iowa,Keo Motsepe,keo_motsepe,95000,Twitter
Louie Vito,Ohio,United States,Ohio,11785935,US_State,Census 2023 PEP - Ohio,Chelsie Hightower,ChelsiHightower,95000,Twitter
Macy Gray,Ohio,United States,Ohio,11785935,US_State,Census 2023 PEP - Ohio,Jonathan Roberts,,8000,Instagram estimate
Margaret Cho,California,United States,California,38965193,US_State,Census 2023 PEP - California,Louis van Amstel,LouisVanAmstel,35000,Twitter
Maria Menounos,Massachusetts,United States,Massachusetts,7001399,US_State,Census 2023 PEP - Massachusetts,Derek Hough,daborhough,1800000,Twitter
Marie Osmond,Utah,United States,Utah,3417734,US_State,Census 2023 PEP - Utah,Jonathan Roberts,,8000,Instagram estimate
Marilu Henner,Illinois,United States,Illinois,12549689,US_State,Census 2023 PEP - Illinois,Derek Hough,daborhough,1800000,Twitter
Mario,Maryland,United States,Maryland,6180253,US_State,Census 2023 PEP - Maryland,Karina Smirnoff,KasrinaSmirnoff,210000,Twitter
Mario Lopez,California,United States,California,38965193,US_State,Census 2023 PEP - California,Karina Smirnoff,KasrinaSmirnoff,210000,Twitter
Marissa Jaret Winokur,New York,United States,New York,19571216,US_State,Census 2023 PEP - New York,Tony Dovolani,TonyDovolani,180000,Twitter
Mark Cuban,Pennsylvania,United States,Pennsylvania,12961683,US_State,Census 2023 PEP - Pennsylvania,Kym Johnson,KymHerjavec,280000,Twitter
Mark Dacascos,Hawaii,United States,Hawaii,1435138,US_State,Census 2023 PEP - Hawaii,Lacey Schwimmer,LaceySchwimmer,85000,Twitter
Marla Maples,Georgia,United States,Georgia,11029227,US_State,Census 2023 PEP - Georgia,Tony Dovolani,TonyDovolani,180000,Twitter
Marlee Matlin,Illinois,United States,Illinois,12549689,US_State,Census 2023 PEP - Illinois,Fabian Sanchez,,3000,estimate
Martin Kove,New York,United States,New York,19571216,US_State,Census 2023 PEP - New York,Britt Stewart,BrittStewart,45000,Twitter
Martina Navratilova,,Czechoslovakia,Prague,1357326,Czech Republic_Region,"Prague city population, Czech Statistical Office 2023",Tony Dovolani,TonyDovolani,180000,Twitter
Mary Lou Retton,West Virginia,United States,West Virginia,1770071,US_State,Census 2023 PEP - West Virginia,Sasha Farber,SashaFarber,180000,Twitter
Mary Wilson,Nevada,United States,Nevada,3194176,US_State,Census 2023 PEP - Nevada,Brandon Armstrong,Brandon_DWTS,85000,Twitter
Master P,Louisiana,United States,Louisiana,4573749,US_State,Census 2023 PEP - Louisiana,Ashly DelGrosso,,5000,Instagram estimate
Matt James,North Carolina,United States,North Carolina,10835491,US_State,Census 2023 PEP - North Carolina,Lindsay Arnold,lindsayarnold,380000,Twitter
Matt Walsh,Illinois,United States,Illinois,12549689,US_State,Census 2023 PEP - Illinois,Koko Iwasaki,,15000,Instagram estimate
Maureen McCormick,California,United States,California,38965193,US_State,Census 2023 PEP - California,Artem Chigvintsev,artemchig,280000,Twitter
Maurice Greene,Kansas,United States,Kansas,2940546,US_State,Census 2023 PEP - Kansas,Cheryl Burke,CherylBurke,450000,Twitter
Mauricio Umansky,,Mexico,Mexico City,9209944,Mexico_Region,"Mexico City population, INEGI 2020",Emma Slater,EmmaSlaterDance,350000,Twitter
Mel B,,England,"Leeds, West Yorkshire",812000,England_Region,"Leeds city population, ONS 2023",Maksim Chmerkoskiy,MaksimC,520000,Twitter
Melanie C,,England,"Whiston, Merseyside",1556000,England_Region,"Merseyside county population, ONS 2023",Gleb Savchenko,GlebSavchenkoTV,320000,Twitter
Melissa Gilbert,California,United States,California,38965193,US_State,Census 2023 PEP - California,Maksim Chmerkoskiy,MaksimC,520000,Twitter
Melissa Joan Hart,New York,United States,New York,19571216,US_State,Census 2023 PEP - New York,Mark Ballas,MarkBallas,650000,Twitter
Melissa Rycroft,Texas,United States,Texas,30503301,US_State,Census 2023 PEP - Texas,Tony Dovolani,TonyDovolani,180000,Twitter
Melora Hardin,Texas,United States,Texas,30503301,US_State,Census 2023 PEP - Texas,Artem Chigvintsev,artemchig,280000,Twitter
Meryl Davis,Michigan,United States,Michigan,10037261,US_State,Census 2023 PEP - Michigan,Maksim Chmerkoskiy,MaksimC,520000,Twitter
Metta World Peace (Ron),New York,United States,New York,19571216,US_State,Census 2023 PEP - New York,Peta Murgatroyd,PetaMurgatroyd,620000,Twitter
Michael Bolton,Connecticut,United States,Connecticut,3617176,US_State,Census 2023 PEP - Connecticut,Chelsie Hightower,ChelsiHightower,95000,Twitter
Michael Irvin,Florida,United States,Florida,22610726,US_State,Census 2023 PEP - Florida,Anna Demidova,,15000,Instagram estimate
Michael Sam,Texas,United States,Texas,30503301,US_State,Census 2023 PEP - Texas,Peta Murgatroyd,PetaMurgatroyd,620000,Twitter
Michael Waltrip,Kentucky,United States,Kentucky,4526154,US_State,Census 2023 PEP - Kentucky,Emma Slater,EmmaSlaterDance,350000,Twitter
"Mike ""The Miz"" Mizanin",Ohio,United States,Ohio,11785935,US_State,Census 2023 PEP - Ohio,Witney Carson,WitneyCarson,520000,Twitter
Mike Catherwood,California,United States,California,38965193,US_State,Census 2023 PEP - California,Lacey Schwimmer,LaceySchwimmer,85000,Twitter
Milo Manheim,California,United States,California,38965193,US_State,Census 2023 PEP - California,Witney Carson,WitneyCarson,520000,Twitter
Mira Sorvino,New York,United States,New York,19571216,US_State,Census 2023 PEP - New York,Gleb Savchenko,GlebSavchenkoTV,320000,Twitter
Mirai Nagasu,California,United States,California,38965193,US_State,Census 2023 PEP - California,Alan Bersten,Dance10Alan,220000,Twitter
Mischa Barton,,England,"Hammersmith, London",8799800,England_Region,"Greater London population, ONS 2023",Artem Chigvintsev,artemchig,280000,Twitter
Misty May-Treanor,California,United States,California,38965193,US_State,Census 2023 PEP - California,Maksim Chmerkoskiy,MaksimC,520000,Twitter
Monica Aldama,Alabama,United States,Alabama,5108468,US_State,Census 2023 PEP - Alabama,Valentin Chmerkovskiy,ValChmerkoskiy,850000,Twitter
Monica Seles,,Yugoslavia,Novi Sad,289128,Serbia_Region,"Novi Sad city population, Statistical Office of Serbia 2022",Jonathan Roberts,,8000,Instagram estimate
Monique Coleman,South Carolina,United States,South Carolina,5373555,US_State,Census 2023 PEP - South Carolina,Louis van Amstel,LouisVanAmstel,35000,Twitter
Mr. T,Illinois,United States,Illinois,12549689,US_State,Census 2023 PEP - Illinois,Kym Herjavec,KymHerjavec,280000,Twitter
Mya,Washington D.C.,United States,Washington D.C.,678972,US_State,Census 2023 PEP - Washington D.C.,Dmitry Chaplin,DmitryChaplin,25000,Twitter
Nancy Grace,Georgia,United States,Georgia,11029227,US_State,Census 2023 PEP - Georgia,Tristan MacManus,TristanMacManus,75000,Twitter
Nancy Kerrigan,Massachusetts,United States,Massachusetts,7001399,US_State,Census 2023 PEP - Massachusetts,Artem Chigvintsev,artemchig,280000,Twitter
Nancy McKeon,New York,United States,New York,19571216,US_State,Census 2023 PEP - New York,Valentin Chmerkovskiy,ValChmerkoskiy,850000,Twitter
Nastia Liukin,,Russia,Moscow,13010112,Russia_Region,"Moscow city population, Rosstat 2023",Derek Hough,daborhough,1800000,Twitter
Natalie Coughlin,California,United States,California,38965193,US_State,Census 2023 PEP - California,Alec Mazo,AlecMazo,15000,Twitter
NeNe Leakes,New York,United States,New York,19571216,US_State,Census 2023 PEP - New York,Tony Dovolani,TonyDovolani,180000,Twitter
Nelly,Texas,United States,Texas,30503301,US_State,Census 2023 PEP - Texas,Daniella Karagach,DaniellaKaragach,280000,Twitter
Nev Schulman,New York,United States,New York,19571216,US_State,Census 2023 PEP - New York,Jenna Johnson,jennajohnson,680000,Twitter
Nick Carter,New York,United States,New York,19571216,US_State,Census 2023 PEP - New York,Sharna Burgess,SharnaBurgess,480000,Twitter
Nick Lachey,Kentucky,United States,Kentucky,4526154,US_State,Census 2023 PEP - Kentucky,Peta Murgatroyd,PetaMurgatroyd,620000,Twitter
Nick Viall,Wisconsin,United States,Wisconsin,5910955,US_State,Census 2023 PEP - Wisconsin,Peta Murgatroyd,PetaMurgatroyd,620000,Twitter
"Nicole ""Snooki"" Polizzi",,Chile,Santiago,5614000,Chile_Region,"Santiago metropolitan population, INE Chile 2023",Sasha Farber,SashaFarber,180000,Twitter
Nicole Scherzinger,Hawaii,United States,Hawaii,1435138,US_State,Census 2023 PEP - Hawaii,Derek Hough,daborhough,1800000,Twitter
Niecy Nash,California,United States,California,38965193,US_State,Census 2023 PEP - California,Louis van Amstel,LouisVanAmstel,35000,Twitter
Nikki Bella,California,United States,California,38965193,US_State,Census 2023 PEP - California,Artem Chigvintsev,artemchig,280000,Twitter
Nikki Glaser,Ohio,United States,Ohio,11785935,US_State,Census 2023 PEP - Ohio,Gleb Savchenko,GlebSavchenkoTV,320000,Twitter
Noah Galloway,Alabama,United States,Alabama,5108468,US_State,Census 2023 PEP - Alabama,Sharna Burgess,SharnaBurgess,480000,Twitter
Normani,Georgia,United States,Georgia,11029227,US_State,Census 2023 PEP - Georgia,Valentin Chmerkovskiy,ValChmerkoskiy,850000,Twitter
Nyle DiMarco,New York,United States,New York,19571216,US_State,Census 2023 PEP - New York,Peta Murgatroyd,PetaMurgatroyd,620000,Twitter
Olivia Jade,California,United States,California,38965193,US_State,Census 2023 PEP - California,Valentin Chmerkovskiy,ValChmerkoskiy,850000,Twitter
Paige VanZant,Oregon,United States,Oregon,4233358,US_State,Census 2023 PEP - Oregon,Mark Ballas,MarkBallas,650000,Twitter
Pamela Anderson,,Canada,"Ladysmith, British Columbia",9000,Canada_Region,"Ladysmith town population, Statistics Canada 2023",Damian Whitewood,,5000,estimate
Patti LaBelle,Pennsylvania,United States,Pennsylvania,12961683,US_State,Census 2023 PEP - Pennsylvania,Artem Chigvintsev,artemchig,280000,Twitter
Paula Deen,Georgia,United States,Georgia,11029227,US_State,Census 2023 PEP - Georgia,Louis van Amstel,LouisVanAmstel,35000,Twitter
Paulina Porizkova,,Czechoslovakia,Prostějov,42000,Czech Republic_Region,"Prostějov city population, Czech Statistical Office 2023",Alec Mazo,AlecMazo,15000,Twitter
Penn Jillette,Massachusetts,United States,Massachusetts,7001399,US_State,Census 2023 PEP - Massachusetts,Kym Johnson,KymHerjavec,280000,Twitter
Petra Nemcova,,Czechoslovakia,Karviná,50000,Czech Republic_Region,"Karviná city population, Czech Statistical Office 2023",Dmitry Chaplin,DmitryChaplin,25000,Twitter
Phaedra Parks,Georgia,United States,Georgia,11029227,US_State,Census 2023 PEP - Georgia,Val Chmerkovskiy,ValChmerkoskiy,850000,Twitter
Priscilla Presley,New York,United States,New York,19571216,US_State,Census 2023 PEP - New York,Louis van Amstel,LouisVanAmstel,35000,Twitter
Rachel Hunter,,New Zealand,Auckland,1657200,New Zealand_Region,"Auckland region population, Stats NZ 2023",Jonathan Roberts,,8000,Instagram estimate
Ralph Macchio,New York,United States,New York,19571216,US_State,Census 2023 PEP - New York,Karina Smirnoff,KasrinaSmirnoff,210000,Twitter
Randy Couture,Washington,United States,Washington,7812880,US_State,Census 2023 PEP - Washington,Karina Smirnoff,KasrinaSmirnoff,210000,Twitter
Rashad Jennings,Virginia,United States,Virginia,8683619,US_State,Census 2023 PEP - Virginia,Emma Slater,EmmaSlaterDance,350000,Twitter
Ray Lewis,Florida,United States,Florida,22610726,US_State,Census 2023 PEP - Florida,Cheryl Burke,CherylBurke,450000,Twitter
Redfoo,California,United States,California,38965193,US_State,Census 2023 PEP - California,Emma Slater,EmmaSlaterDance,350000,Twitter
Reginald VelJohnson,New York,United States,New York,19571216,US_State,Census 2023 PEP - New York,Emma Slater,EmmaSlaterDance,350000,Twitter
Rick Fox,,Canada,"Toronto, Ontario",2794356,Canada_Region,"Toronto city population, Statistics Canada 2023",Cheryl Burke,CherylBurke,450000,Twitter
Rick Perry,Texas,United States,Texas,30503301,US_State,Census 2023 PEP - Texas,Emma Slater,EmmaSlaterDance,350000,Twitter
Ricki Lake,New York,United States,New York,19571216,US_State,Census 2023 PEP - New York,Derek Hough,daborhough,1800000,Twitter
Riker Lynch,Colorado,United States,Colorado,5877610,US_State,Census 2023 PEP - Colorado,Allison Holker,Alison_Holker,450000,Twitter
Rob Kardashian,California,United States,California,38965193,US_State,Census 2023 PEP - California,Cheryl Burke,CherylBurke,450000,Twitter
Robert Herjavec,,Croatia,"Zbjeg, Varaždin County",166838,Croatia_Region,"Varaždin County population, DZS Croatia 2021",Kym Johnson,KymHerjavec,280000,Twitter
Robert Irwin,,Australia,"Buderim, Queensland",358134,Australia_Region,"Sunshine Coast region population, ABS 2023",Witney Carson,WitneyCarson,520000,Twitter
Rocco DiSpirito,New York,United States,New York,19571216,US_State,Census 2023 PEP - New York,Karina Smirnoff,KasrinaSmirnoff,210000,Twitter
Romeo,Louisiana,United States,Louisiana,4573749,US_State,Census 2023 PEP - Louisiana,Chelsie Hightower,ChelsiHightower,95000,Twitter
Roshon Fegan,California,United States,California,38965193,US_State,Census 2023 PEP - California,Chelsie Hightower,ChelsiHightower,95000,Twitter
Rumer Willis,Kentucky,United States,Kentucky,4526154,US_State,Census 2023 PEP - Kentucky,Valentin Chmerkovskiy,ValChmerkoskiy,850000,Twitter
Ryan Lochte,New York,United States,New York,19571216,US_State,Census 2023 PEP - New York,Cheryl Burke,CherylBurke,450000,Twitter
Sabrina Bryan,California,United States,California,38965193,US_State,Census 2023 PEP - California,Louis van Amstel,LouisVanAmstel,35000,Twitter
Sadie Robertson,Louisiana,United States,Louisiana,4573749,US_State,Census 2023 PEP - Louisiana,Mark Ballas,MarkBallas,650000,Twitter
Sailor Brinkley-Cook,New York,United States,New York,19571216,US_State,Census 2023 PEP - New York,Valentin Chmerkovskiy,ValChmerkoskiy,850000,Twitter
Sam Champion,Kentucky,United States,Kentucky,4526154,US_State,Census 2023 PEP - Kentucky,Cheryl Burke,CherylBurke,450000,Twitter
Sara Evans,Missouri,United States,Missouri,6196156,US_State,Census 2023 PEP - Missouri,Tony Dovolani,TonyDovolani,180000,Twitter
Sasha Pieterse,,South Africa,Johannesburg,5926668,South Africa_Region,"Johannesburg metro population, Stats SA 2022",Gleb Savchenko,GlebSavchenkoTV,320000,Twitter
Scott Hoying,California,United States,California,38965193,US_State,Census 2023 PEP - California,Rylee Arnold,ryleearnold,120000,Twitter
Sean Avery,,Canada,"North York, Ontario",2794356,Canada_Region,"Toronto city population (North York district), Statistics Canada 2023",Karina Smirnoff,KasrinaSmirnoff,210000,Twitter
Sean Lowe,Texas,United States,Texas,30503301,US_State,Census 2023 PEP - Texas,Peta Murgatroyd,PetaMurgatroyd,620000,Twitter
Sean Spicer,New York,United States,New York,19571216,US_State,Census 2023 PEP - New York,Lindsay Arnold,lindsayarnold,380000,Twitter
Selma Blair,Michigan,United States,Michigan,10037261,US_State,Census 2023 PEP - Michigan,Sasha Farber,SashaFarber,180000,Twitter
Shandi Finnessey,Missouri,United States,Missouri,6196156,US_State,Census 2023 PEP - Missouri,Brian Fortuna,,5000,estimate
Shangela,Texas,United States,Texas,30503301,US_State,Census 2023 PEP - Texas,Gleb Savchenko,GlebSavchenkoTV,320000,Twitter
Shanna Moakler,Rhode Island,United States,Rhode Island,1095962,US_State,Census 2023 PEP - Rhode Island,Jesse DeSoto,,1000,estimate
Shannen Doherty,Tennessee,United States,Tennessee,7126489,US_State,Census 2023 PEP - Tennessee,Mark Ballas,MarkBallas,650000,Twitter
Shannon Elizabeth,Texas,United States,Texas,30503301,US_State,Census 2023 PEP - Texas,Derek Hough,daborhough,1800000,Twitter
Shawn Johnson,Iowa,United States,Iowa,3207004,US_State,Census 2023 PEP - Iowa,Derek Hough,daborhough,1800000,Twitter
Sherri Sheperd,Illinois,United States,Illinois,12549689,US_State,Census 2023 PEP - Illinois,Valentin Chmerkovskiy,ValChmerkoskiy,850000,Twitter
Simone Biles,Ohio,United States,Ohio,11785935,US_State,Census 2023 PEP - Ohio,Sasha Farber,SashaFarber,180000,Twitter
Skai Jackson,New York,United States,New York,19571216,US_State,Census 2023 PEP - New York,Alan Bersten,Dance10Alan,220000,Twitter
Stacy Keibler,Maryland,United States,Maryland,6180253,US_State,Census 2023 PEP - Maryland,Tony Dovolani,TonyDovolani,180000,Twitter
Stephen Nedoroscik,Florida,United States,Florida,22610726,US_State,Census 2023 PEP - Florida,Rylee Arnold,ryleearnold,120000,Twitter
Steve Guttenberg,New York,United States,New York,19571216,US_State,Census 2023 PEP - New York,Anna Trebunskaya,AnnaTrebunskaya,50000,Twitter
Steve Wozniak,California,United States,California,38965193,US_State,Census 2023 PEP - California,Karina Smirnoff,KasrinaSmirnoff,210000,Twitter
Steve-O,,England,"Wimbledon, London",8799800,England_Region,"Greater London population, ONS 2023",Lacey Schwimmer,LaceySchwimmer,85000,Twitter
Sugar Ray Leonard,North Carolina,United States,North Carolina,10835491,US_State,Census 2023 PEP - North Carolina,Anna Trebunskaya,AnnaTrebunskaya,50000,Twitter
Suni Lee,Minnesota,United States,Minnesota,5737915,US_State,Census 2023 PEP - Minnesota,Sasha Farber,SashaFarber,180000,Twitter
Susan Lucci,New York,United States,New York,19571216,US_State,Census 2023 PEP - New York,Tony Dovolani,TonyDovolani,180000,Twitter
Suzanne Somers,California,United States,California,38965193,US_State,Census 2023 PEP - California,Tony Dovolani,TonyDovolani,180000,Twitter
Tamar Braxton,Maryland,United States,Maryland,6180253,US_State,Census 2023 PEP - Maryland,Valentin Chmerkovskiy,ValChmerkoskiy,850000,Twitter
Tatum O'Neal,California,United States,California,38965193,US_State,Census 2023 PEP - California,Nick Kosovich,,5000,estimate
Tavis Smiley,Mississippi,United States,Mississippi,2939690,US_State,Census 2023 PEP - Mississippi,Sharna Burgess,SharnaBurgess,480000,Twitter
Ted McGinley,California,United States,California,38965193,US_State,Census 2023 PEP - California,Inna Brayer,,2000,estimate
Teresa Giudice,New Jersey,United States,New Jersey,9290841,US_State,Census 2023 PEP - New Jersey,Pasha Pashkov,PashaPashkov,120000,Twitter
Terra Jole,Texas,United States,Texas,30503301,US_State,Census 2023 PEP - Texas,Sasha Farber,SashaFarber,180000,Twitter
Terrell Owens,Alabama,United States,Alabama,5108468,US_State,Census 2023 PEP - Alabama,Cheryl Burke,CherylBurke,450000,Twitter
The Situation,New York,United States,New York,19571216,US_State,Census 2023 PEP - New York,Karina Smirnoff,KasrinaSmirnoff,210000,Twitter
Tia Carrere,Hawaii,United States,Hawaii,1435138,US_State,Census 2023 PEP - Hawaii,Maksim Chmerkoskiy,MaksimC,520000,Twitter
Tinashe,Kentucky,United States,Kentucky,4526154,US_State,Census 2023 PEP - Kentucky,Brandon Armstrong,Brandon_DWTS,85000,Twitter
Tom DeLay,Texas,United States,Texas,30503301,US_State,Census 2023 PEP - Texas,Cheryl Burke,CherylBurke,450000,Twitter
Tommy Chong,,Canada,"Edmonton, Alberta",1010899,Canada_Region,"Edmonton city population, Statistics Canada 2023",Peta Murgatroyd,PetaMurgatroyd,620000,Twitter
Toni Braxton,Maryland,United States,Maryland,6180253,US_State,Census 2023 PEP - Maryland,Alec Mazo,AlecMazo,15000,Twitter
Tonya Harding,Oregon,United States,Oregon,4233358,US_State,Census 2023 PEP - Oregon,Sasha Farber,SashaFarber,180000,Twitter
Tori Spelling,California,United States,California,38965193,US_State,Census 2023 PEP - California,Pasha Pashkov,PashaPashkov,120000,Twitter
Trevor Donovan,California,United States,California,38965193,US_State,Census 2023 PEP - California,Emma Slater,EmmaSlaterDance,350000,Twitter
Trista Sutter,Indiana,United States,Indiana,6862199,US_State,Census 2023 PEP - Indiana,Louis van Amstel,LouisVanAmstel,35000,Twitter
Tucker Carlson,California,United States,California,38965193,US_State,Census 2023 PEP - California,Elena Grinenko,,8000,Instagram estimate
Ty Murray,Arizona,United States,Arizona,7431344,US_State,Census 2023 PEP - Arizona,Chelsie Hightower,ChelsiHightower,95000,Twitter
Tyson Beckford,New York,United States,New York,19571216,US_State,Census 2023 PEP - New York,Jenna Johnson,jennajohnson,680000,Twitter
Valerie Harper,New York,United States,New York,19571216,US_State,Census 2023 PEP - New York,Tristan MacManus,TristanMacManus,75000,Twitter
Vanessa Lachey,,Philippines,"Angeles City, Pampanga",462928,Philippines_Region,"Angeles City population, PSA 2020",Maksim Chmerkoskiy,MaksimC,520000,Twitter
Vanilla Ice,Texas,United States,Texas,30503301,US_State,Census 2023 PEP - Texas,Witney Carson,WitneyCarson,520000,Twitter
Veron Davis,Washington D.C.,United States,Washington D.C.,678972,US_State,Census 2023 PEP - Washington D.C.,Peta Murgatroyd,PetaMurgatroyd,620000,Twitter
Victor Espinoza,,Mexico,"Tijuana, Baja California",1922523,Mexico_Region,"Tijuana municipality population, INEGI 2020",Karina Smirnoff,KasrinaSmirnoff,210000,Twitter
Victor Ortiz,Kansas,United States,Kansas,2940546,US_State,Census 2023 PEP - Kansas,Lindsay Arnold,lindsayarnold,380000,Twitter
Victoria Arlen,New Hamshire,United States,New Hamshire,1402054,US_State,Census 2023 PEP - New Hamshire,Valentin Chmerkovskiy,ValChmerkoskiy,850000,Twitter
Vinny Guadagnino,New York,United States,New York,19571216,US_State,Census 2023 PEP - New York,Koko Iwasaki,,15000,Instagram estimate
Vivica A. Fox,Indiana,United States,Indiana,6862199,US_State,Census 2023 PEP - Indiana,Nick Kosovich,,5000,estimate
Von Miller,Texas,United States,Texas,30503301,US_State,Census 2023 PEP - Texas,Witney Carson,WitneyCarson,520000,Twitter
Wanya Morris,Pennsylvania,United States,Pennsylvania,12961683,US_State,Census 2023 PEP - Pennsylvania,Lindsay Arnold,lindsayarnold,380000,Twitter
Warren Sapp,Florida,United States,Florida,22610726,US_State,Census 2023 PEP - Florida,Kym Johnson,KymHerjavec,280000,Twitter
Wayne Brady,Georgia,United States,Georgia,11029227,US_State,Census 2023 PEP - Georgia,Witney Carson,WitneyCarson,520000,Twitter
Wayne Newton,Virginia,United States,Virginia,8683619,US_State,Census 2023 PEP - Virginia,Cheryl Burke,CherylBurke,450000,Twitter
Wendy Williams,New Jersey,United States,New Jersey,9290841,US_State,Census 2023 PEP - New Jersey,Tony Dovolani,TonyDovolani,180000,Twitter
Whitney Leavitt,Utah,United States,Utah,3417734,US_State,Census 2023 PEP - Utah,Mark Ballas,MarkBallas,650000,Twitter
Willa Ford,Florida,United States,Florida,22610726,US_State,Census 2023 PEP - Florida,Maksim Chmerkoskiy,MaksimC,520000,Twitter
William Levy,,Cuba,"Cojímar, Havana",2106146,Cuba_Region,"Havana province population, ONEI 2022",Cheryl Burke,CherylBurke,450000,Twitter
Willow Shields,New Mexico,United States,New Mexico,2114371,US_State,Census 2023 PEP - New Mexico,Mark Ballas,MarkBallas,650000,Twitter
Wynonna Judd,Kentucky,United States,Kentucky,4526154,US_State,Census 2023 PEP - Kentucky,Tony Dovolani,TonyDovolani,180000,Twitter
Xochitl Gomez,California,United States,California,38965193,US_State,Census 2023 PEP - California,Valentin Chmerkovskiy,ValChmerkoskiy,850000,Twitter
Zendaya,California,United States,California,38965193,US_State,Census 2023 PEP - California,Valentin Chmerkovskiy,ValChmerkoskiy,850000,Twitter
